{"lr": 1.013643584599986e-06, "data_time": 0.006808948516845703, "grad_norm": 42195309593.6, "loss": 5.4939299583435055, "decode.loss_ce": 3.9180039405822753, "decode.acc_seg": 0.13477729260921478, "aux.loss_ce": 1.5759260058403015, "aux.acc_seg": 0.8743305206298828, "time": 0.3394420862197876, "iter": 50, "memory": 20686, "step": 50}
{"lr": 1.0275658250938802e-06, "data_time": 0.006965041160583496, "grad_norm": 28253505024.0, "loss": 5.684710359573364, "decode.loss_ce": 4.058440804481506, "decode.acc_seg": 0.06212964281439781, "aux.loss_ce": 1.626269567012787, "aux.acc_seg": 0.027078907936811447, "time": 0.34270036220550537, "iter": 100, "memory": 12185, "step": 100}
{"lr": 1.0414882831925307e-06, "data_time": 0.006749677658081055, "grad_norm": 117069264793.6, "loss": 5.6789045333862305, "decode.loss_ce": 4.043057012557983, "decode.acc_seg": 0.8612661361694336, "aux.loss_ce": 1.6358475089073181, "aux.acc_seg": 0.023198328912258148, "time": 0.3504491329193115, "iter": 150, "memory": 12185, "step": 150}
{"lr": 1.0554109589332747e-06, "data_time": 0.007155132293701172, "grad_norm": 86633874406.4, "loss": 5.995660829544067, "decode.loss_ce": 4.27730085849762, "decode.acc_seg": 0.33712226152420044, "aux.loss_ce": 1.718359887599945, "aux.acc_seg": 0.29248714447021484, "time": 0.3427637815475464, "iter": 200, "memory": 12185, "step": 200}
{"lr": 1.0693338523535038e-06, "data_time": 0.006883835792541504, "grad_norm": 83093864422.4, "loss": 5.634891605377197, "decode.loss_ce": 4.020882248878479, "decode.acc_seg": 0.12117143720388412, "aux.loss_ce": 1.6140093803405762, "aux.acc_seg": 0.12825864553451538, "time": 0.3428464651107788, "iter": 250, "memory": 12185, "step": 250}
{"lr": 1.0832569634907177e-06, "data_time": 0.007167959213256836, "grad_norm": 37200283955.2, "loss": 5.562708568572998, "decode.loss_ce": 3.962928867340088, "decode.acc_seg": 0.5021158456802368, "aux.loss_ce": 1.5997797012329102, "aux.acc_seg": 0.351736843585968, "time": 0.34642953872680665, "iter": 300, "memory": 12185, "step": 300}
{"lr": 1.097180292382484e-06, "data_time": 0.006131172180175781, "grad_norm": 90969267660.8, "loss": 5.642356491088867, "decode.loss_ce": 4.0255937576293945, "decode.acc_seg": 0.9251523613929749, "aux.loss_ce": 1.6167627453804017, "aux.acc_seg": 0.9797533750534058, "time": 0.3445774793624878, "iter": 350, "memory": 12185, "step": 350}
{"lr": 1.1111038390660858e-06, "data_time": 0.006913828849792481, "grad_norm": 171375431142.4, "loss": 6.078362655639649, "decode.loss_ce": 4.335007452964783, "decode.acc_seg": 0.22860346734523773, "aux.loss_ce": 1.743355119228363, "aux.acc_seg": 0.1625497043132782, "time": 0.34829487800598147, "iter": 400, "memory": 12185, "step": 400}
{"lr": 1.1250276035791314e-06, "data_time": 0.0073879480361938475, "grad_norm": 44110463257.6, "loss": 5.480006551742553, "decode.loss_ce": 3.904225468635559, "decode.acc_seg": 2.3064098358154297, "aux.loss_ce": 1.5757810950279236, "aux.acc_seg": 0.17359842360019684, "time": 0.3452816724777222, "iter": 450, "memory": 12185, "step": 450}
{"lr": 1.1389515859590662e-06, "data_time": 0.007420587539672852, "grad_norm": 74481031577.6, "loss": 6.181469821929932, "decode.loss_ce": 4.410751152038574, "decode.acc_seg": 0.06853652000427246, "aux.loss_ce": 1.7707186937332153, "aux.acc_seg": 0.07008100301027298, "time": 0.34496026039123534, "iter": 500, "memory": 12185, "step": 500}
{"lr": 1.1528757862434445e-06, "data_time": 0.006973981857299805, "grad_norm": 101193614592.0, "loss": 5.563105869293213, "decode.loss_ce": 3.9714669704437258, "decode.acc_seg": 1.2031614780426025, "aux.loss_ce": 1.5916389107704163, "aux.acc_seg": 0.26626163721084595, "time": 0.34534666538238523, "iter": 550, "memory": 12185, "step": 550}
{"lr": 1.1668002044697525e-06, "data_time": 0.006991982460021973, "grad_norm": 91543883161.6, "loss": 5.787098026275634, "decode.loss_ce": 4.127317237854004, "decode.acc_seg": 0.5182586312294006, "aux.loss_ce": 1.6597808599472046, "aux.acc_seg": 0.16070465743541718, "time": 0.34365708827972413, "iter": 600, "memory": 12185, "step": 600}
{"lr": 1.1807248406755307e-06, "data_time": 0.006405854225158691, "grad_norm": 133043578777.6, "loss": 5.581687784194946, "decode.loss_ce": 3.9809115409851072, "decode.acc_seg": 0.07450218498706818, "aux.loss_ce": 1.6007763028144837, "aux.acc_seg": 0.4596160054206848, "time": 0.34334261417388917, "iter": 650, "memory": 12185, "step": 650}
