{"lr": 1.013643584599986e-06, "data_time": 0.007043027877807617, "grad_norm": 5.530308359728661e+16, "loss": 5.451594591140747, "decode.loss_ce": 3.8968512535095217, "decode.acc_seg": 1.0130263566970825, "aux.loss_ce": 1.5547433733940124, "aux.acc_seg": 0.03741990774869919, "time": 0.34116878509521487, "iter": 50, "memory": 21345, "step": 50}
{"lr": 1.0275658250938802e-06, "data_time": 0.007642340660095215, "grad_norm": 4.180616108341986e+16, "loss": 5.72088508605957, "decode.loss_ce": 4.091217780113221, "decode.acc_seg": 1.0152431726455688, "aux.loss_ce": 1.62966730594635, "aux.acc_seg": 0.07735186070203781, "time": 0.34924027919769285, "iter": 100, "memory": 12880, "step": 100}
{"lr": 1.0414882831925307e-06, "data_time": 0.007726097106933593, "grad_norm": 4.9986976565795224e+16, "loss": 6.265464878082275, "decode.loss_ce": 4.475329351425171, "decode.acc_seg": 0.08433797210454941, "aux.loss_ce": 1.7901354789733888, "aux.acc_seg": 7.172333717346191, "time": 0.3553534269332886, "iter": 150, "memory": 12880, "step": 150}
