{"lr": 1.013643584599986e-06, "data_time": 0.007362580299377442, "grad_norm": 28377445171.2, "loss": 5.068068242073059, "decode.loss_ce": 3.616356897354126, "decode.acc_seg": 0.08012785017490387, "aux.loss_ce": 1.4517113626003266, "aux.acc_seg": 0.003008973551914096, "time": 0.3295372724533081, "iter": 50, "memory": 20686, "step": 50}
{"lr": 1.0275658250938802e-06, "data_time": 0.007408308982849121, "grad_norm": 38662513510.4, "loss": 5.976179504394532, "decode.loss_ce": 4.2663157224655155, "decode.acc_seg": 0.5101050138473511, "aux.loss_ce": 1.709863793849945, "aux.acc_seg": 0.5987367630004883, "time": 0.3360334873199463, "iter": 100, "memory": 11672, "step": 100}
{"lr": 1.0414882831925307e-06, "data_time": 0.007250523567199707, "grad_norm": 103989477939.2, "loss": 5.9582602977752686, "decode.loss_ce": 4.247748470306396, "decode.acc_seg": 0.7739774584770203, "aux.loss_ce": 1.710511863231659, "aux.acc_seg": 0.14451636373996735, "time": 0.33834526538848875, "iter": 150, "memory": 11672, "step": 150}
{"lr": 1.0554109589332747e-06, "data_time": 0.007392287254333496, "grad_norm": 57983054771.2, "loss": 5.4968017578125, "decode.loss_ce": 3.921873998641968, "decode.acc_seg": 0.08164700120687485, "aux.loss_ce": 1.5749277234077455, "aux.acc_seg": 4.469959735870361, "time": 0.3356293201446533, "iter": 200, "memory": 11672, "step": 200}
{"lr": 1.0693338523535038e-06, "data_time": 0.007426047325134277, "grad_norm": 224616962867.2, "loss": 5.514787197113037, "decode.loss_ce": 3.9366206169128417, "decode.acc_seg": 1.0874589681625366, "aux.loss_ce": 1.5781666040420532, "aux.acc_seg": 1.0842809677124023, "time": 0.33953299522399905, "iter": 250, "memory": 11672, "step": 250}
{"lr": 1.0832569634907177e-06, "data_time": 0.007502055168151856, "grad_norm": 24678675558.4, "loss": 6.0649621963500975, "decode.loss_ce": 4.325561690330505, "decode.acc_seg": 0.24734148383140564, "aux.loss_ce": 1.7394005179405212, "aux.acc_seg": 1.4202967882156372, "time": 0.3386555194854736, "iter": 300, "memory": 11672, "step": 300}
{"lr": 1.097180292382484e-06, "data_time": 0.006179666519165039, "grad_norm": 22567588044.8, "loss": 5.952454042434693, "decode.loss_ce": 4.2400609970092775, "decode.acc_seg": 0.09515270590782166, "aux.loss_ce": 1.7123929858207703, "aux.acc_seg": 0.1029227152466774, "time": 0.3405416965484619, "iter": 350, "memory": 11672, "step": 350}
{"lr": 1.1111038390660858e-06, "data_time": 0.007241988182067871, "grad_norm": 28872447180.8, "loss": 5.359598684310913, "decode.loss_ce": 3.8259977102279663, "decode.acc_seg": 2.6955058574676514, "aux.loss_ce": 1.5336010336875916, "aux.acc_seg": 0.01566365361213684, "time": 0.33836042881011963, "iter": 400, "memory": 11672, "step": 400}
{"lr": 1.1250276035791314e-06, "data_time": 0.006849145889282227, "grad_norm": 38837131788.8, "loss": 5.71904411315918, "decode.loss_ce": 4.083397555351257, "decode.acc_seg": 0.06512670964002609, "aux.loss_ce": 1.635646605491638, "aux.acc_seg": 4.050547122955322, "time": 0.34502272605895995, "iter": 450, "memory": 11672, "step": 450}
{"lr": 1.1389515859590662e-06, "data_time": 0.006693983078002929, "grad_norm": 52548751155.2, "loss": 5.781819295883179, "decode.loss_ce": 4.124025630950928, "decode.acc_seg": 0.4110180735588074, "aux.loss_ce": 1.6577936053276061, "aux.acc_seg": 0.015766404569149017, "time": 0.3402494668960571, "iter": 500, "memory": 11672, "step": 500}
{"lr": 1.1528757862434445e-06, "data_time": 0.0067307472229003905, "grad_norm": 33193896960.0, "loss": 5.871122407913208, "decode.loss_ce": 4.188893461227417, "decode.acc_seg": 0.5518128871917725, "aux.loss_ce": 1.682228970527649, "aux.acc_seg": 1.5774872727525313e-11, "time": 0.3375623464584351, "iter": 550, "memory": 11672, "step": 550}
{"lr": 1.1668002044697525e-06, "data_time": 0.007358002662658692, "grad_norm": 45149007129.6, "loss": 5.9861452102661135, "decode.loss_ce": 4.270844030380249, "decode.acc_seg": 0.11644084006547928, "aux.loss_ce": 1.7153011560440063, "aux.acc_seg": 0.011925248429179192, "time": 0.3435786962509155, "iter": 600, "memory": 11672, "step": 600}
{"lr": 1.1807248406755307e-06, "data_time": 0.006829452514648437, "grad_norm": 14611057049.6, "loss": 5.621564531326294, "decode.loss_ce": 4.013122320175171, "decode.acc_seg": 1.535774827003479, "aux.loss_ce": 1.6084421634674073, "aux.acc_seg": 7.472290992736816, "time": 0.34022929668426516, "iter": 650, "memory": 11672, "step": 650}
{"lr": 1.1946496948982789e-06, "data_time": 0.0072749614715576175, "grad_norm": 29554167398.4, "loss": 5.277200508117676, "decode.loss_ce": 3.758529877662659, "decode.acc_seg": 0.3378637433052063, "aux.loss_ce": 1.5186706066131592, "aux.acc_seg": 0.2223968207836151, "time": 0.3406101703643799, "iter": 700, "memory": 11672, "step": 700}
{"lr": 1.2085747671755512e-06, "data_time": 0.007245373725891113, "grad_norm": 56938204467.2, "loss": 5.622427606582642, "decode.loss_ce": 4.0179153203964235, "decode.acc_seg": 0.7205701470375061, "aux.loss_ce": 1.6045122742652893, "aux.acc_seg": 0.6667546629905701, "time": 0.34324615001678466, "iter": 750, "memory": 11672, "step": 750}
{"lr": 1.222500057544983e-06, "data_time": 0.006368517875671387, "grad_norm": 17219157760.0, "loss": 5.75897102355957, "decode.loss_ce": 4.110134315490723, "decode.acc_seg": 0.7930446267127991, "aux.loss_ce": 1.648836624622345, "aux.acc_seg": 0.5823693871498108, "time": 0.3437673091888428, "iter": 800, "memory": 11672, "step": 800}
{"lr": 1.2364255660440605e-06, "data_time": 0.0074940681457519535, "grad_norm": 33331656192.0, "loss": 5.449518394470215, "decode.loss_ce": 3.889797592163086, "decode.acc_seg": 0.18333545327186584, "aux.loss_ce": 1.559720802307129, "aux.acc_seg": 0.6773155331611633, "time": 0.3392737150192261, "iter": 850, "memory": 11672, "step": 850}
{"lr": 1.250351292710419e-06, "data_time": 0.007284712791442871, "grad_norm": 40543776768.0, "loss": 6.165216541290283, "decode.loss_ce": 4.398594188690185, "decode.acc_seg": 0.8759793639183044, "aux.loss_ce": 1.7666224122047425, "aux.acc_seg": 0.10571099072694778, "time": 0.34383349418640136, "iter": 900, "memory": 11672, "step": 900}
{"lr": 1.264277237581667e-06, "data_time": 0.007582259178161621, "grad_norm": 33160164582.4, "loss": 5.357233214378357, "decode.loss_ce": 3.82046492099762, "decode.acc_seg": 1.0844929218292236, "aux.loss_ce": 1.5367682933807374, "aux.acc_seg": 0.2313067615032196, "time": 0.3407151222229004, "iter": 950, "memory": 11672, "step": 950}
{"lr": 1.2782034006953992e-06, "data_time": 0.006137347221374512, "grad_norm": 29506146688.0, "loss": 5.667889261245728, "decode.loss_ce": 4.0414445161819454, "decode.acc_seg": 1.378636360168457, "aux.loss_ce": 1.626444661617279, "aux.acc_seg": 0.04263550788164139, "time": 0.3423523187637329, "iter": 1000, "memory": 11672, "step": 1000}
{"lr": 1.2921297820892643e-06, "data_time": 0.006752967834472656, "grad_norm": 25792750604.8, "loss": 5.863127565383911, "decode.loss_ce": 4.186921858787537, "decode.acc_seg": 0.7211378216743469, "aux.loss_ce": 1.6762057185173034, "aux.acc_seg": 0.3716593384742737, "time": 0.34223623275756837, "iter": 1050, "memory": 11672, "step": 1050}
{"lr": 1.306056381800952e-06, "data_time": 0.007340240478515625, "grad_norm": 50747695257.6, "loss": 5.757794904708862, "decode.loss_ce": 4.112613487243652, "decode.acc_seg": 0.7954930067062378, "aux.loss_ce": 1.6451813578605652, "aux.acc_seg": 1.2381701469421387, "time": 0.34182965755462646, "iter": 1100, "memory": 11672, "step": 1100}
{"lr": 1.319983199868057e-06, "data_time": 0.007265949249267578, "grad_norm": 58502002483.2, "loss": 5.708552742004395, "decode.loss_ce": 4.07048020362854, "decode.acc_seg": 0.43548959493637085, "aux.loss_ce": 1.6380725741386413, "aux.acc_seg": 0.7350478172302246, "time": 0.3438669919967651, "iter": 1150, "memory": 11672, "step": 1150}
