{"lr": 1.013643584599986e-06, "data_time": 0.007104015350341797, "grad_norm": 111150706739.2, "loss": 5.34321174621582, "decode.loss_ce": 3.799368977546692, "decode.acc_seg": 0.721620500087738, "aux.loss_ce": 1.54384286403656, "aux.acc_seg": 0.0038576023653149605, "time": 0.3267158031463623, "iter": 50, "memory": 20685, "step": 50}
{"lr": 1.0275658250938802e-06, "data_time": 0.007578992843627929, "grad_norm": 96442573363.2, "loss": 5.562191104888916, "decode.loss_ce": 3.959759736061096, "decode.acc_seg": 1.2399399280548096, "aux.loss_ce": 1.602431297302246, "aux.acc_seg": 2.689659833908081, "time": 0.33884334564208984, "iter": 100, "memory": 11673, "step": 100}
{"lr": 1.0414882831925307e-06, "data_time": 0.00693666934967041, "grad_norm": 76763855897.6, "loss": 5.923145580291748, "decode.loss_ce": 4.2169534921646115, "decode.acc_seg": 1.475262999534607, "aux.loss_ce": 1.7061920523643495, "aux.acc_seg": 0.08233823627233505, "time": 0.3363069772720337, "iter": 150, "memory": 11673, "step": 150}
{"lr": 1.0554109589332747e-06, "data_time": 0.006796479225158691, "grad_norm": 75689726003.2, "loss": 6.018633460998535, "decode.loss_ce": 4.286894655227661, "decode.acc_seg": 0.9630889892578125, "aux.loss_ce": 1.731738817691803, "aux.acc_seg": 0.04276435822248459, "time": 0.34214394092559813, "iter": 200, "memory": 11673, "step": 200}
{"lr": 1.0693338523535038e-06, "data_time": 0.007173919677734375, "grad_norm": 41543332198.4, "loss": 5.468382740020752, "decode.loss_ce": 3.892317843437195, "decode.acc_seg": 5.14481258392334, "aux.loss_ce": 1.5760648250579834, "aux.acc_seg": 0.00015506232739426196, "time": 0.34435410499572755, "iter": 250, "memory": 11673, "step": 250}
