{"lr": 2.3780020445976014e-08, "data_time": 0.008599519729614258, "grad_norm": NaN, "loss": NaN, "decode.loss_ce": NaN, "decode.acc_seg": 8.995708465576172, "aux.loss_ce": NaN, "aux.acc_seg": 8.995708465576172, "time": 0.48507466316223147, "iter": 50, "memory": 22302, "step": 50}
