{"lr": 1.013643584599986e-06, "data_time": 0.008692145347595215, "grad_norm": NaN, "loss": NaN, "decode.loss_ce": NaN, "decode.acc_seg": 21.688657760620117, "aux.loss_ce": NaN, "aux.acc_seg": 21.688657760620117, "time": 0.4846043586730957, "iter": 50, "memory": 22306, "step": 50}
{"lr": 1.0275658250938802e-06, "data_time": 0.00862119197845459, "grad_norm": NaN, "loss": NaN, "decode.loss_ce": NaN, "decode.acc_seg": 53.191123962402344, "aux.loss_ce": NaN, "aux.acc_seg": 53.191123962402344, "time": 0.4852181911468506, "iter": 100, "memory": 13344, "step": 100}
{"lr": 1.0414882831925307e-06, "data_time": 0.007392597198486328, "grad_norm": NaN, "loss": NaN, "decode.loss_ce": NaN, "decode.acc_seg": 28.861949920654297, "aux.loss_ce": NaN, "aux.acc_seg": 28.861949920654297, "time": 0.4887606143951416, "iter": 150, "memory": 13344, "step": 150}
{"lr": 1.0554109589332747e-06, "data_time": 0.008153200149536133, "grad_norm": NaN, "loss": NaN, "decode.loss_ce": NaN, "decode.acc_seg": 16.604904174804688, "aux.loss_ce": NaN, "aux.acc_seg": 16.604904174804688, "time": 0.48679490089416505, "iter": 200, "memory": 13344, "step": 200}
{"lr": 1.0693338523535038e-06, "data_time": 0.007930278778076172, "grad_norm": NaN, "loss": NaN, "decode.loss_ce": NaN, "decode.acc_seg": 24.54938507080078, "aux.loss_ce": NaN, "aux.acc_seg": 24.54938507080078, "time": 0.48338444232940675, "iter": 250, "memory": 13344, "step": 250}
{"lr": 1.0832569634907177e-06, "data_time": 0.007825016975402832, "grad_norm": NaN, "loss": NaN, "decode.loss_ce": NaN, "decode.acc_seg": 18.71219825744629, "aux.loss_ce": NaN, "aux.acc_seg": 18.71219825744629, "time": 0.4834165334701538, "iter": 300, "memory": 13344, "step": 300}
{"lr": 1.097180292382484e-06, "data_time": 0.008159160614013672, "grad_norm": NaN, "loss": NaN, "decode.loss_ce": NaN, "decode.acc_seg": 1.6208234407399935e-11, "aux.loss_ce": NaN, "aux.acc_seg": 1.6208234407399935e-11, "time": 0.4836828947067261, "iter": 350, "memory": 13344, "step": 350}
{"lr": 1.1111038390660858e-06, "data_time": 0.007963156700134278, "grad_norm": NaN, "loss": NaN, "decode.loss_ce": NaN, "decode.acc_seg": 1.4973237927318195e-11, "aux.loss_ce": NaN, "aux.acc_seg": 1.4973237927318195e-11, "time": 0.4888627529144287, "iter": 400, "memory": 13344, "step": 400}
