{"base_lr": 1.9613655770513682e-06, "lr": 1.9613655770513682e-06, "data_time": 0.010486459732055664, "loss": 5.701054692268372, "decode.loss_ce": 4.075916194915772, "decode.acc_seg": 0.04413678124547005, "aux.loss_ce": 1.6251384437084198, "aux.acc_seg": 0.11731594800949097, "time": 0.385446572303772, "iter": 50, "memory": 23011, "step": 50}
