{"lr": 2.3780020445976014e-08, "data_time": 0.007319235801696777, "grad_norm": 277164952627.2, "loss": 5.557564735412598, "decode.loss_ce": 3.9788536071777343, "decode.acc_seg": 0.2627753019332886, "aux.loss_ce": 1.5787111282348634, "aux.acc_seg": 0.22062942385673523, "time": 0.3417206287384033, "iter": 50, "memory": 20685, "step": 50}
{"lr": 3.784148334480986e-08, "data_time": 0.006392574310302735, "grad_norm": 194125354291.2, "loss": 5.9231192111969, "decode.loss_ce": 4.245474052429199, "decode.acc_seg": 0.3369043171405792, "aux.loss_ce": 1.6776451349258423, "aux.acc_seg": 0.18143408000469208, "time": 0.3474131107330322, "iter": 100, "memory": 12186, "step": 100}
